-- SECU_USERS

INSERT INTO SECU_USERS
(PROF_ID, USER_LOGIN, USER_PASSWORD)
VALUES(1, 'abernal', 'c5618920f622561f9c0ec5c42219c4c08180149f');
INSERT INTO SECU_USERS
(PROF_ID, USER_LOGIN, USER_PASSWORD)
VALUES(2, 'marmenteros', 'c5618920f622561f9c0ec5c42219c4c08180149f');
INSERT INTO SECU_USERS
(PROF_ID, USER_LOGIN, USER_PASSWORD)
VALUES(3, 'efuentes', 'c5618920f622561f9c0ec5c42219c4c08180149f');

-- SECU_ROLES

INSERT INTO SECU_ROLES (SROL_CODE,SROL_DESCRIPTION,SROL_DELETED,SROL_DELETED_DATE) VALUES (
'ADMI','Administrativo',0,NULL);
INSERT INTO SECU_ROLES (SROL_CODE,SROL_DESCRIPTION,SROL_DELETED,SROL_DELETED_DATE) VALUES (
'AUXI','Auxiliar',0,NULL);
INSERT INTO SECU_ROLES (SROL_CODE,SROL_DESCRIPTION,SROL_DELETED,SROL_DELETED_DATE) VALUES (
'CALL','CallCenter',0,NULL);
INSERT INTO SECU_ROLES (SROL_CODE,SROL_DESCRIPTION,SROL_DELETED,SROL_DELETED_DATE) VALUES (
'CONF','Conf. Agendas',0,NULL);
INSERT INTO SECU_ROLES (SROL_CODE,SROL_DESCRIPTION,SROL_DELETED,SROL_DELETED_DATE) VALUES (
'CONF1','Conf. Formularios',0,NULL);
INSERT INTO SECU_ROLES (SROL_CODE,SROL_DESCRIPTION,SROL_DELETED,SROL_DELETED_DATE) VALUES (
'ENFE','Enfermero',0,NULL);
INSERT INTO SECU_ROLES (SROL_CODE,SROL_DESCRIPTION,SROL_DELETED,SROL_DELETED_DATE) VALUES (
'FACT','Facturación',0,NULL);
INSERT INTO SECU_ROLES (SROL_CODE,SROL_DESCRIPTION,SROL_DELETED,SROL_DELETED_DATE) VALUES (
'FARM','Farmacéutico',0,NULL);
INSERT INTO SECU_ROLES (SROL_CODE,SROL_DESCRIPTION,SROL_DELETED,SROL_DELETED_DATE) VALUES (
'MEDI','Médico',0,NULL);
INSERT INTO SECU_ROLES (SROL_CODE,SROL_DESCRIPTION,SROL_DELETED,SROL_DELETED_DATE) VALUES (
'MEDI1','Médico Prevencionista',0,NULL);
INSERT INTO SECU_ROLES (SROL_CODE,SROL_DESCRIPTION,SROL_DELETED,SROL_DELETED_DATE) VALUES (
'MEDI2','Médico Radiólogo',0,NULL);
INSERT INTO SECU_ROLES (SROL_CODE,SROL_DESCRIPTION,SROL_DELETED,SROL_DELETED_DATE) VALUES (
'REHA','Rehabilitación  ',0,NULL);
INSERT INTO SECU_ROLES (SROL_CODE,SROL_DESCRIPTION,SROL_DELETED,SROL_DELETED_DATE) VALUES (
'SUPE','Super Administrador',0,NULL);
INSERT INTO SECU_ROLES (SROL_CODE,SROL_DESCRIPTION,SROL_DELETED,SROL_DELETED_DATE) VALUES (
'SUPE1','Supervisor',0,NULL);
INSERT INTO SECU_ROLES (SROL_CODE,SROL_DESCRIPTION,SROL_DELETED,SROL_DELETED_DATE) VALUES (
'TECN','Técnico Laboratorio',0,NULL);
INSERT INTO SECU_ROLES (SROL_CODE,SROL_DESCRIPTION,SROL_DELETED,SROL_DELETED_DATE) VALUES (
'TECN1','Técnico Radiología',0,NULL);
INSERT INTO SECU_ROLES (SROL_CODE,SROL_DESCRIPTION,SROL_DELETED,SROL_DELETED_DATE) VALUES (
'INTE','Interprete',0,NULL);
INSERT INTO SECU_ROLES (SROL_CODE,SROL_DESCRIPTION,SROL_DELETED,SROL_DELETED_DATE) VALUES (
'GERE','Gerente',0,NULL);
INSERT INTO SECU_ROLES (SROL_CODE,SROL_DESCRIPTION,SROL_DELETED,SROL_DELETED_DATE) VALUES (
'SUPE2','Supervisor Médico',0,NULL);
INSERT INTO SECU_ROLES (SROL_CODE,SROL_DESCRIPTION,SROL_DELETED,SROL_DELETED_DATE) VALUES (
'SUPE3','Supervisor Enfermero',0,NULL);
INSERT INTO SECU_ROLES (SROL_CODE,SROL_DESCRIPTION,SROL_DELETED,SROL_DELETED_DATE) VALUES (
'SUPE4','Supervisor Admision',0,NULL);
INSERT INTO SECU_ROLES (SROL_CODE,SROL_DESCRIPTION,SROL_DELETED,SROL_DELETED_DATE) VALUES (
'AUXI1','Auxiliar CCEE',0,NULL);
INSERT INTO SECU_ROLES (SROL_CODE,SROL_DESCRIPTION,SROL_DELETED,SROL_DELETED_DATE) VALUES (
'REHA1','Rehabilitación',0,NULL);
INSERT INTO SECU_ROLES (SROL_CODE,SROL_DESCRIPTION,SROL_DELETED,SROL_DELETED_DATE) VALUES (
'INFO','Informática',0,NULL);
INSERT INTO SECU_ROLES (SROL_CODE,SROL_DESCRIPTION,SROL_DELETED,SROL_DELETED_DATE) VALUES (
'MEDI3','Médico de urgencias',0,NULL);
INSERT INTO SECU_ROLES (SROL_CODE,SROL_DESCRIPTION,SROL_DELETED,SROL_DELETED_DATE) VALUES (
'ENFE1','Enfermera Urgencias',0,NULL);
INSERT INTO SECU_ROLES (SROL_CODE,SROL_DESCRIPTION,SROL_DELETED,SROL_DELETED_DATE) VALUES (
'ADMI1','Admision de urgencias',0,NULL);
INSERT INTO SECU_ROLES (SROL_CODE,SROL_DESCRIPTION,SROL_DELETED,SROL_DELETED_DATE) VALUES (
'FORE','Forense',0,NULL);
INSERT INTO SECU_ROLES (SROL_CODE,SROL_DESCRIPTION,SROL_DELETED,SROL_DELETED_DATE) VALUES (
'ADMI2','Admisión',0,NULL);
INSERT INTO SECU_ROLES (SROL_CODE,SROL_DESCRIPTION,SROL_DELETED,SROL_DELETED_DATE) VALUES (
'ADMI3','Admisión de Hospitalización',0,NULL);
INSERT INTO SECU_ROLES (SROL_CODE,SROL_DESCRIPTION,SROL_DELETED,SROL_DELETED_DATE) VALUES (
'MEDI4','Médico Rehabilitador',0,NULL);
INSERT INTO SECU_ROLES (SROL_CODE,SROL_DESCRIPTION,SROL_DELETED,SROL_DELETED_DATE) VALUES (
'COOR','Coordinador Planificador Quirófanos',0,NULL);
INSERT INTO SECU_ROLES (SROL_CODE,SROL_DESCRIPTION,SROL_DELETED,SROL_DELETED_DATE) VALUES (
'JEFE','Jefe Servicio Planificador Quirófanos',0,NULL);
INSERT INTO SECU_ROLES (SROL_CODE,SROL_DESCRIPTION,SROL_DELETED,SROL_DELETED_DATE) VALUES (
'ADMI4','Administrador Planificador Quirófanos',0,NULL);
INSERT INTO SECU_ROLES (SROL_CODE,SROL_DESCRIPTION,SROL_DELETED,SROL_DELETED_DATE) VALUES (
'DIRE','Dirección',0,NULL);
INSERT INTO SECU_ROLES (SROL_CODE,SROL_DESCRIPTION,SROL_DELETED,SROL_DELETED_DATE) VALUES (
'EXTU','External user',0,NULL);
INSERT INTO SECU_ROLES (SROL_CODE,SROL_DESCRIPTION,SROL_DELETED,SROL_DELETED_DATE) VALUES (
'DELEGATE','Delegado',0,NULL);

-- SEQU_CONFIG_ROLES

INSERT INTO SECU_CONFIG_ROLES
(SROL_ID, AMBI_ID, CENT_ID, SERV_ID)
VALUES(9, 2, 1, 2);
INSERT INTO SECU_CONFIG_ROLES
(SROL_ID, AMBI_ID, CENT_ID, SERV_ID)
VALUES(9, 1, 6, 27);
INSERT INTO SECU_CONFIG_ROLES
(SROL_ID, AMBI_ID, CENT_ID, SERV_ID)
VALUES(13, 2, 1, 27);
INSERT INTO SECU_CONFIG_ROLES
(SROL_ID, AMBI_ID, CENT_ID, SERV_ID)
VALUES(9, 2, 6, 27);
INSERT INTO SECU_CONFIG_ROLES
(SROL_ID, AMBI_ID, CENT_ID, SERV_ID)
VALUES(9, 2, 1, 27);
INSERT INTO SECU_CONFIG_ROLES
(SROL_ID, AMBI_ID, CENT_ID, SERV_ID)
VALUES(9, 2, 1, 13);
INSERT INTO SECU_CONFIG_ROLES
(SROL_ID, AMBI_ID, CENT_ID, SERV_ID)
VALUES(9, 1, 1, 27);
INSERT INTO SECU_CONFIG_ROLES
(SROL_ID, AMBI_ID, CENT_ID, SERV_ID)
VALUES(9, 2, 1, 34);
INSERT INTO SECU_CONFIG_ROLES
(SROL_ID, AMBI_ID, CENT_ID, SERV_ID)
VALUES(9, 3, 1, 34);
INSERT INTO SECU_CONFIG_ROLES
(SROL_ID, AMBI_ID, CENT_ID, SERV_ID)
VALUES(9, 1, 3, 27);
INSERT INTO SECU_CONFIG_ROLES
(SROL_ID, AMBI_ID, CENT_ID, SERV_ID)
VALUES(9, 2, 3, 27);
INSERT INTO SECU_CONFIG_ROLES
(SROL_ID, AMBI_ID, CENT_ID, SERV_ID)
VALUES(9, 1, 1, 6);
INSERT INTO SECU_CONFIG_ROLES
(SROL_ID, AMBI_ID, CENT_ID, SERV_ID)
VALUES(11, 2, 1, 30);
INSERT INTO SECU_CONFIG_ROLES
(SROL_ID, AMBI_ID, CENT_ID, SERV_ID)
VALUES(16, 2, 1, 38);
INSERT INTO SECU_CONFIG_ROLES
(SROL_ID, AMBI_ID, CENT_ID, SERV_ID)
VALUES(6, 3, 1, 34);
INSERT INTO SECU_CONFIG_ROLES
(SROL_ID, AMBI_ID, CENT_ID, SERV_ID)
VALUES(3, 4, 1, 47);
INSERT INTO SECU_CONFIG_ROLES
(SROL_ID, AMBI_ID, CENT_ID, SERV_ID)
VALUES(6, 1, 1, 34);
INSERT INTO SECU_CONFIG_ROLES
(SROL_ID, AMBI_ID, CENT_ID, SERV_ID)
VALUES(6, 2, 1, 34);
INSERT INTO SECU_CONFIG_ROLES
(SROL_ID, AMBI_ID, CENT_ID, SERV_ID)
VALUES(13, 4, 1, 47);
INSERT INTO SECU_CONFIG_ROLES
(SROL_ID, AMBI_ID, CENT_ID, SERV_ID)
VALUES(13, 4, 3, 47);
INSERT INTO SECU_CONFIG_ROLES
(SROL_ID, AMBI_ID, CENT_ID, SERV_ID)
VALUES(13, 2, 6, 47);

-- SECU_PROFESSIONAL_ROLES

INSERT INTO SECU_PROFESSIONAL_ROLES
(PROF_ID, SCRO_ID, USRO_FAVOURITE)
VALUES(1, 1, 0);
INSERT INTO SECU_PROFESSIONAL_ROLES
(PROF_ID, SCRO_ID, USRO_FAVOURITE)
VALUES(1, 2, 0);
INSERT INTO SECU_PROFESSIONAL_ROLES
(PROF_ID, SCRO_ID, USRO_FAVOURITE)
VALUES(1, 3, 1);
INSERT INTO SECU_PROFESSIONAL_ROLES
(PROF_ID, SCRO_ID, USRO_FAVOURITE)
VALUES(2, 4, 1);
INSERT INTO SECU_PROFESSIONAL_ROLES
(PROF_ID, SCRO_ID, USRO_FAVOURITE)
VALUES(1, 4, 0);
INSERT INTO SECU_PROFESSIONAL_ROLES
(PROF_ID, SCRO_ID, USRO_FAVOURITE)
VALUES(3, 13, 0);
INSERT INTO SECU_PROFESSIONAL_ROLES
(PROF_ID, SCRO_ID, USRO_FAVOURITE)
VALUES(3, 17, 1);
INSERT INTO SECU_PROFESSIONAL_ROLES
(PROF_ID, SCRO_ID, USRO_FAVOURITE)
VALUES(2, 19, 0);
INSERT INTO SECU_PROFESSIONAL_ROLES
(PROF_ID, SCRO_ID, USRO_FAVOURITE)
VALUES(3, 18, 0);
INSERT INTO SECU_PROFESSIONAL_ROLES
(PROF_ID, SCRO_ID, USRO_FAVOURITE)
VALUES(1, 10, 0);
INSERT INTO SECU_PROFESSIONAL_ROLES
(PROF_ID, SCRO_ID, USRO_FAVOURITE)
VALUES(1, 11, 0);
INSERT INTO SECU_PROFESSIONAL_ROLES
(PROF_ID, SCRO_ID, USRO_FAVOURITE)
VALUES(2, 20, 0);
INSERT INTO SECU_PROFESSIONAL_ROLES
(PROF_ID, SCRO_ID, USRO_FAVOURITE)
VALUES(1, 9, 0);
INSERT INTO SECU_PROFESSIONAL_ROLES
(PROF_ID, SCRO_ID, USRO_FAVOURITE)
VALUES(2, 16, 0);
INSERT INTO SECU_PROFESSIONAL_ROLES
(PROF_ID, SCRO_ID, USRO_FAVOURITE)
VALUES(3, 6, 0);
INSERT INTO SECU_PROFESSIONAL_ROLES
(PROF_ID, SCRO_ID, USRO_FAVOURITE)
VALUES(1, 8, 0);
INSERT INTO SECU_PROFESSIONAL_ROLES
(PROF_ID, SCRO_ID, USRO_FAVOURITE)
VALUES(1, 6, 0);
INSERT INTO SECU_PROFESSIONAL_ROLES
(PROF_ID, SCRO_ID, USRO_FAVOURITE)
VALUES(2, 21, 0);
INSERT INTO SECU_PROFESSIONAL_ROLES
(PROF_ID, SCRO_ID, USRO_FAVOURITE)
VALUES(2, 11, 0);
INSERT INTO SECU_PROFESSIONAL_ROLES
(PROF_ID, SCRO_ID, USRO_FAVOURITE)
VALUES(2, 14, 0);
INSERT INTO SECU_PROFESSIONAL_ROLES
(PROF_ID, SCRO_ID, USRO_FAVOURITE)
VALUES(1, 12, 0);

-- SECU_PROF_ROLE_ACTIONS
INSERT INTO SECU_PROF_ROLE_ACTIONS
(PROF_ID, SCRO_ID, SIAC_ID)
VALUES(1, 1, 1);
INSERT INTO SECU_PROF_ROLE_ACTIONS
(PROF_ID, SCRO_ID, SIAC_ID)
VALUES(1, 1, 3);
INSERT INTO SECU_PROF_ROLE_ACTIONS
(PROF_ID, SCRO_ID, SIAC_ID)
VALUES(1, 1, 4);
INSERT INTO SECU_PROF_ROLE_ACTIONS
(PROF_ID, SCRO_ID, SIAC_ID)
VALUES(1, 1, 5);

INSERT INTO SECU_PROF_ROLE_ACTIONS
(PROF_ID, SCRO_ID, SIAC_ID)
VALUES(1, 2, 1);
INSERT INTO SECU_PROF_ROLE_ACTIONS
(PROF_ID, SCRO_ID, SIAC_ID)
VALUES(1, 2, 3);
INSERT INTO SECU_PROF_ROLE_ACTIONS
(PROF_ID, SCRO_ID, SIAC_ID)
VALUES(1, 2, 4);
INSERT INTO SECU_PROF_ROLE_ACTIONS
(PROF_ID, SCRO_ID, SIAC_ID)
VALUES(1, 2, 5);

INSERT INTO SECU_PROF_ROLE_ACTIONS
(PROF_ID, SCRO_ID, SIAC_ID)
VALUES(1, 3, 1);

INSERT INTO SECU_PROF_ROLE_ACTIONS
(PROF_ID, SCRO_ID, SIAC_ID)
VALUES(1, 3, 3);
INSERT INTO SECU_PROF_ROLE_ACTIONS
(PROF_ID, SCRO_ID, SIAC_ID)
VALUES(1, 3, 4);
INSERT INTO SECU_PROF_ROLE_ACTIONS
(PROF_ID, SCRO_ID, SIAC_ID)
VALUES(1, 3, 5);

INSERT INTO SECU_PROF_ROLE_ACTIONS
(PROF_ID, SCRO_ID, SIAC_ID)
VALUES(1, 4, 1);
INSERT INTO SECU_PROF_ROLE_ACTIONS
(PROF_ID, SCRO_ID, SIAC_ID)
VALUES(1, 4, 3);
INSERT INTO SECU_PROF_ROLE_ACTIONS
(PROF_ID, SCRO_ID, SIAC_ID)
VALUES(1, 4, 4);
INSERT INTO SECU_PROF_ROLE_ACTIONS
(PROF_ID, SCRO_ID, SIAC_ID)
VALUES(1, 4, 5);

INSERT INTO SECU_PROF_ROLE_ACTIONS
(PROF_ID, SCRO_ID, SIAC_ID)
VALUES(1, 6, 1);
INSERT INTO SECU_PROF_ROLE_ACTIONS
(PROF_ID, SCRO_ID, SIAC_ID)
VALUES(1, 6, 3);
INSERT INTO SECU_PROF_ROLE_ACTIONS
(PROF_ID, SCRO_ID, SIAC_ID)
VALUES(1, 6, 4);
INSERT INTO SECU_PROF_ROLE_ACTIONS
(PROF_ID, SCRO_ID, SIAC_ID)
VALUES(1, 6, 5);

INSERT INTO SECU_PROF_ROLE_ACTIONS
(PROF_ID, SCRO_ID, SIAC_ID)
VALUES(1, 8, 1);
INSERT INTO SECU_PROF_ROLE_ACTIONS
(PROF_ID, SCRO_ID, SIAC_ID)
VALUES(1, 8, 3);
INSERT INTO SECU_PROF_ROLE_ACTIONS
(PROF_ID, SCRO_ID, SIAC_ID)
VALUES(1, 8, 4);
INSERT INTO SECU_PROF_ROLE_ACTIONS
(PROF_ID, SCRO_ID, SIAC_ID)
VALUES(1, 8, 5);


INSERT INTO SECU_PROF_ROLE_ACTIONS
(PROF_ID, SCRO_ID, SIAC_ID)
VALUES(1, 9, 1);
INSERT INTO SECU_PROF_ROLE_ACTIONS
(PROF_ID, SCRO_ID, SIAC_ID)
VALUES(1, 9, 3);
INSERT INTO SECU_PROF_ROLE_ACTIONS
(PROF_ID, SCRO_ID, SIAC_ID)
VALUES(1, 9, 4);
INSERT INTO SECU_PROF_ROLE_ACTIONS
(PROF_ID, SCRO_ID, SIAC_ID)
VALUES(1, 9, 5);

INSERT INTO SECU_PROF_ROLE_ACTIONS
(PROF_ID, SCRO_ID, SIAC_ID)
VALUES(1, 10, 1);
INSERT INTO SECU_PROF_ROLE_ACTIONS
(PROF_ID, SCRO_ID, SIAC_ID)
VALUES(1, 10, 3);
INSERT INTO SECU_PROF_ROLE_ACTIONS
(PROF_ID, SCRO_ID, SIAC_ID)
VALUES(1, 10, 4);
INSERT INTO SECU_PROF_ROLE_ACTIONS
(PROF_ID, SCRO_ID, SIAC_ID)
VALUES(1, 10, 5);

INSERT INTO SECU_PROF_ROLE_ACTIONS
(PROF_ID, SCRO_ID, SIAC_ID)
VALUES(1, 11, 1);
INSERT INTO SECU_PROF_ROLE_ACTIONS
(PROF_ID, SCRO_ID, SIAC_ID)
VALUES(1, 11, 3);
INSERT INTO SECU_PROF_ROLE_ACTIONS
(PROF_ID, SCRO_ID, SIAC_ID)
VALUES(1, 11, 4);
INSERT INTO SECU_PROF_ROLE_ACTIONS
(PROF_ID, SCRO_ID, SIAC_ID)
VALUES(1, 11, 5);

INSERT INTO SECU_PROF_ROLE_ACTIONS
(PROF_ID, SCRO_ID, SIAC_ID)
VALUES(1, 12, 1);
INSERT INTO SECU_PROF_ROLE_ACTIONS
(PROF_ID, SCRO_ID, SIAC_ID)
VALUES(1, 12, 3);
INSERT INTO SECU_PROF_ROLE_ACTIONS
(PROF_ID, SCRO_ID, SIAC_ID)
VALUES(1, 12, 4);
INSERT INTO SECU_PROF_ROLE_ACTIONS
(PROF_ID, SCRO_ID, SIAC_ID)
VALUES(1, 12, 5);



INSERT INTO SECU_PROF_ROLE_ACTIONS
(PROF_ID, SCRO_ID, SIAC_ID)
VALUES(2, 4, 1);
INSERT INTO SECU_PROF_ROLE_ACTIONS
(PROF_ID, SCRO_ID, SIAC_ID)
VALUES(2, 4, 2);
INSERT INTO SECU_PROF_ROLE_ACTIONS
(PROF_ID, SCRO_ID, SIAC_ID)
VALUES(2, 4, 3);
INSERT INTO SECU_PROF_ROLE_ACTIONS
(PROF_ID, SCRO_ID, SIAC_ID)
VALUES(2, 4, 4);
INSERT INTO SECU_PROF_ROLE_ACTIONS
(PROF_ID, SCRO_ID, SIAC_ID)
VALUES(2, 4, 5);
INSERT INTO SECU_PROF_ROLE_ACTIONS
(PROF_ID, SCRO_ID, SIAC_ID)
VALUES(2, 4, 6);
INSERT INTO SECU_PROF_ROLE_ACTIONS
(PROF_ID, SCRO_ID, SIAC_ID)
VALUES(2, 4, 7);
INSERT INTO SECU_PROF_ROLE_ACTIONS
(PROF_ID, SCRO_ID, SIAC_ID)
VALUES(2, 4, 8);

INSERT INTO SECU_PROF_ROLE_ACTIONS
(PROF_ID, SCRO_ID, SIAC_ID)
VALUES(2, 11, 1);

INSERT INTO SECU_PROF_ROLE_ACTIONS
(PROF_ID, SCRO_ID, SIAC_ID)
VALUES(2, 14, 1);

INSERT INTO SECU_PROF_ROLE_ACTIONS
(PROF_ID, SCRO_ID, SIAC_ID)
VALUES(2, 16, 1);

INSERT INTO SECU_PROF_ROLE_ACTIONS
(PROF_ID, SCRO_ID, SIAC_ID)
VALUES(2, 19, 1);

INSERT INTO SECU_PROF_ROLE_ACTIONS
(PROF_ID, SCRO_ID, SIAC_ID)
VALUES(2, 20, 1);

INSERT INTO SECU_PROF_ROLE_ACTIONS
(PROF_ID, SCRO_ID, SIAC_ID)
VALUES(2, 21, 1);



INSERT INTO SECU_PROF_ROLE_ACTIONS
(PROF_ID, SCRO_ID, SIAC_ID)
VALUES(3, 6, 1);

INSERT INTO SECU_PROF_ROLE_ACTIONS
(PROF_ID, SCRO_ID, SIAC_ID)
VALUES(3, 13, 1);

INSERT INTO SECU_PROF_ROLE_ACTIONS
(PROF_ID, SCRO_ID, SIAC_ID)
VALUES(3, 17, 1);

INSERT INTO SECU_PROF_ROLE_ACTIONS
(PROF_ID, SCRO_ID, SIAC_ID)
VALUES(3, 18, 1);



